{"cameraMode":{"drawMode":0,"name":"Shaded","section":"Shading Mode"},"sceneLighting":false,"audioPlay":false,"sceneViewState":{"showFog":true,"showMaterialUpdate":false,"showSkybox":false,"showFlares":true,"showImageEffects":true,"showParticleSystems":true},"in2DMode":false,"pivot":{"x":16.895774841308595,"y":10.582132339477539,"z":0.09562110900878906},"rotation":{"x":-0.08869227766990662,"y":0.0035830913111567499,"z":-0.00031909646349959075,"w":-0.9960528016090393},"size":0.6532431244850159,"orthographic":false}